,time_of_tweet,user,tweet,user_id
0,2022-07-01 23:59:31+00:00,LarsonMykel,#SurveillanceCapitalism is a virus that turns society into #zombies. The #FB 's in this decrepit ecosystem have emb‚Ä¶ https://t.co/JidLLPzFkl,1501049173390422018
1,2022-07-01 23:59:06+00:00,boylerpf,Art Deco #Vintage #Wedding Band Ring 14K #Gold https://t.co/CGEmS0TTWg #ecochic #Jewelry,49309789
2,2022-07-01 23:57:31+00:00,democrat_good,"RT @badcharts1: Did you know #silver never failed to do a new all-time high after #gold does one?

Currently the 2nd longest drought ever w‚Ä¶",1361088253986750466
3,2022-07-01 23:56:12+00:00,GermanyKrins,"RT @VLRTRW: @HannesZipfel #Euro #USDollar #Endgame #GreatReset 
#Debtrelease through #Gold and #Silver 

https://t.co/CDvsSmG6zX",1345130504199282695
4,2022-07-01 23:55:58+00:00,GermanyKrins,"RT @VLRTRW: @PeterBorbe #Euro #USDollar #Endgame #GreatReset 
#Debtrelease through #Gold and #Silver 

https://t.co/CDvsSmG6zX",1345130504199282695
5,2022-07-01 23:55:21+00:00,GermanyKrins,"RT @VLRTRW: @mikepompeo #Euro #USDollar #Endgame #GreatReset 
#Debtrelease through #Gold and #Silver 

https://t.co/CDvsSmG6zX",1345130504199282695
6,2022-07-01 23:54:18+00:00,badcharts1,"Many charts showcasing the next bull era in precious metals will start in 2022-23.

Many charts showcasing the next‚Ä¶ https://t.co/jDuDgxy7KY",256595810
7,2022-07-01 23:54:09+00:00,democrat_good,"RT @mikesay98: Today's Comex #gold data.
- Gold continued withdrawals today, now totaling ~3.45 million ounces since May 6.
- Open Interest‚Ä¶",1361088253986750466
8,2022-07-01 23:53:45+00:00,doit31427837,"RT @GlobalProTrader: We haven't broken any resistance of note on the upside in #Gold, #Silver, $GDX, or $SILJ. So too early to get excited‚Ä¶",855605893693489152
9,2022-07-01 23:51:30+00:00,BhangraBot,"RT @SunriseGoldUK: TripDownMemoryLane now playing on #sunriseradiogold
#sunriseradio #gold #bollywood #bhangra #classichits #sunriseradiouk‚Ä¶",3064410061
10,2022-07-01 23:50:30+00:00,santosh_zi,"RT @hajiyev_rashad: #Gold (XAUUSD, $1,807) tested today a 4-year major rising trendline. Looks like gold hit a bottom and I expect a relief‚Ä¶",1208893994761170944
11,2022-07-01 23:49:32+00:00,WestOzAdventure,"So there I was just out in the scrub looking for gold, not a worry in the world until I got back into phone recepti‚Ä¶ https://t.co/Jfz7t6GkfJ",1458753900442312704
12,2022-07-01 23:49:05+00:00,SunriseGoldUK,"TripDownMemoryLane now playing on #sunriseradiogold
#sunriseradio #gold #bollywood #bhangra #classichits #sunriseradiouk @sunriseradiouk",1259236192639475720
13,2022-07-01 23:48:02+00:00,find_charlotte,"RT @renaissancefai: Satin Fluted Japan Necklace Gold &amp; White Bead, Faceted Crystal, Double Strand, Vintage https://t.co/7s2VECvZaF #gold #w‚Ä¶",910957592649895937
14,2022-07-01 23:47:15+00:00,art4artsake7,"RT @OmasteWitkowski: Marigold Magic... GET SOME: https://t.co/aKcg6Jl7ny
#marigoldmagic #marigold #abstractmarigold #gold #golden #goldabst‚Ä¶",1508555034958733319
15,2022-07-01 23:43:49+00:00,buy1_best,"üëâ $3,884.00 üëà
IGI Certified 14K White Gold 20 Cttw Round BrilliantCut Lab Created Diamond @buy1_best
#IGI‚Ä¶ https://t.co/bk0yvklGUm",1118057594281758720
16,2022-07-01 23:43:09+00:00,ronclaus301,"RT @Stonemonsta2: $SDRC Further exploration of the Lucky Ben tunnel heads east toward the Unity Mine, Czizek‚Äòs starting point in projecting‚Ä¶",780581381638238208
17,2022-07-01 23:42:08+00:00,Abhi32perth,"RT @bartongoldBGD: ùêÅùêöùê´ùê≠ùê®ùêß ùêÜùê®ùê•ùêù ùêåùê®ùêßùê≠ùê°ùê•ùê≤ ùêñùê´ùêöùê© ùêîùê© (ùêâùêÆùêßùêû ùüêùüéùüêùüê)
Link: https://t.co/4o1uUmDxlI

#gold / #invest in #SouthAustralia / $BGD https:/‚Ä¶",3258935612
18,2022-07-01 23:41:37+00:00,doit31427837,"RT @hajiyev_rashad: #Gold (XAUUSD, $1,807) tested today a 4-year major rising trendline. Looks like gold hit a bottom and I expect a relief‚Ä¶",855605893693489152
19,2022-07-01 23:41:04+00:00,soundmoney00,"RT @mikesay98: Today's Comex #gold data.
- Gold continued withdrawals today, now totaling ~3.45 million ounces since May 6.
- Open Interest‚Ä¶",1356905721112260610
20,2022-07-01 23:40:45+00:00,Jrod79171,"#PS5Share, #CallofDutyBlackOpsColdWar #finally #gold diamond #cod #sirstabbie #youtube #kingofmelee #youcantseeme https://t.co/5dqCk8ust7",706960345085005825
21,2022-07-01 23:40:29+00:00,crononaught,"RT @CrolonMars: CHECK OUT THE GREAT ARTICLE ABOUT OUR GOLD COIN COMPETITION BY @RugMuncherToken

https://t.co/xVSYWX9iuc

 @coingecko @Coin‚Ä¶",1492659109522411523
22,2022-07-01 23:39:47+00:00,Shekhar72015219,RT @SimranVats11: Gold medal ü•á in 100m race at world para athletic grand Prix 2022 held at Tunisia #gold #simran #paralympion @myogiadityan‚Ä¶,1379069637338431488
23,2022-07-01 23:39:40+00:00,commodity47_79,Developing a #gold oxide deposit $ODV on top of their other 2 flagship projects. https://t.co/GMIMbuxxpR,1271969165826457601
24,2022-07-01 23:38:36+00:00,K3V1NS0T0,"RT @covesting: Round 9: you can receive 25% trade discounts on all $COV account trades: #crypto, forex, #oil, #gold

üí∞GIVEAWAYüí∞
‚úÖ Follow @c‚Ä¶",2255623656
25,2022-07-01 23:38:02+00:00,GregCrennan,This caused massive speculation in the worlds first recorded Stockmarket #bubble &amp; #stockmarketcrash in tulips. Aft‚Ä¶ https://t.co/uYqJG9bhEU,1241943431590465537
26,2022-07-01 23:37:59+00:00,OceanDreeam,"RT @covesting: Round 9: you can receive 25% trade discounts on all $COV account trades: #crypto, forex, #oil, #gold

üí∞GIVEAWAYüí∞
‚úÖ Follow @c‚Ä¶",996764298813767680
27,2022-07-01 23:37:11+00:00,Atlegang_DA,"@AndredeBeer @ewnupdates Luckily monopoly ends and unfortunately anarchy starts.

Feel bad for those who don't have‚Ä¶ https://t.co/nfvqrIBiUD",1418575660784758786
28,2022-07-01 23:35:45+00:00,Nerdpreferred1,"RT @mikesay98: COMEX #GOLD WITHDRAWALS CONTINUE FOR 36 OF LAST 38 DAYS, NOW TOTALING ALMOST 3.45 MILLION OUNCES SINCE MAY 6",1273259835706929159
29,2022-07-01 23:35:35+00:00,Bengittinit,How will the #gold found in Uganda effect the price? Not as scarce? @invest_answers,3281224945
30,2022-07-01 23:35:03+00:00,PhotoSarsfield,"Twilight Magic 
Lake Tahoe,Nevada
Enter a gallery of scenic soul
https://t.co/V98vpXZv8W
#Church #Sierra #Nature‚Ä¶ https://t.co/N0DMdMbwfV",916839201852727296
31,2022-07-01 23:32:58+00:00,GuidoSardine,Keep me searchin for a heart og Gold... And I'm getting old... #gold,1489812775358636033
32,2022-07-01 23:31:52+00:00,ITalkParanormal,Hey #Gold Coast What is your favorite Paranormal Tv Show? https://t.co/K7noXmHCWD,4875758354
33,2022-07-01 23:31:52+00:00,DeanHedges3,RT @LinaresFreire: Cubes and Intersections. #fineart #geometricart #mathart #spaceart #scifiart #gold #energy #mandala #cube #symbolism #mo‚Ä¶,731134548822659074
34,2022-07-01 23:31:42+00:00,theupsideksb,"Pretty Rings üòç
#rosegold #gold #stackedrings #jewelry #kohls #laurenconrad #raleighnc  #raleighblogger #ncblogger‚Ä¶ https://t.co/HEzcTyeIRV",908812744635424768
35,2022-07-01 23:31:23+00:00,bartongoldBGD,"ùêÅùêöùê´ùê≠ùê®ùêß ùêÜùê®ùê•ùêù ùêåùê®ùêßùê≠ùê°ùê•ùê≤ ùêñùê´ùêöùê© ùêîùê© (ùêâùêÆùêßùêû ùüêùüéùüêùüê)
Link: https://t.co/4o1uUmDxlI

#gold / #invest in #SouthAustralia / $BGD https://t.co/ba4hrPbIEm",1262601433402142725
36,2022-07-01 23:30:31+00:00,Brandon06789361,"RT @badcharts1: Did you know #silver never failed to do a new all-time high after #gold does one?

Currently the 2nd longest drought ever w‚Ä¶",1078110198206738438
37,2022-07-01 23:30:25+00:00,FlavioV07952537,"RT @robmuggah: Illegal #gold mining in the #Amazon is worsening #deforestation, #degradation and poisoning local #ecosystems and #biodivers‚Ä¶",1121477416730411010
38,2022-07-01 23:30:11+00:00,Adam_Anderson_,"RT @mikesay98: COMEX #GOLD WITHDRAWALS CONTINUE FOR 36 OF LAST 38 DAYS, NOW TOTALING ALMOST 3.45 MILLION OUNCES SINCE MAY 6",1354196451505692674
39,2022-07-01 23:29:46+00:00,BipulSah10,"What you Think About #BTC 

1) Pure #GOLD

2 #SCAM",1332570746665594881
40,2022-07-01 23:29:39+00:00,LuisTal33259437,"RT @covesting: Round 9: you can receive 25% trade discounts on all $COV account trades: #crypto, forex, #oil, #gold

üí∞GIVEAWAYüí∞
‚úÖ Follow @c‚Ä¶",1542180684055412739
41,2022-07-01 23:29:10+00:00,IlonaSzaboC,"RT @robmuggah: Illegal #gold mining in the #Amazon is worsening #deforestation, #degradation and poisoning local #ecosystems and #biodivers‚Ä¶",807292815675887616
42,2022-07-01 23:28:17+00:00,SB_Prospecting,"Finding A 1 Gram GOLD Nugget Under Water While Dredging! https://t.co/kbwVJESFLL via @YouTube 
#GOLD #goldmine‚Ä¶ https://t.co/wbu5vZ3f84",765700707815190529
43,2022-07-01 23:26:04+00:00,ScottLandmann,"RT @mikesay98: Today's Comex #gold data.
- Gold continued withdrawals today, now totaling ~3.45 million ounces since May 6.
- Open Interest‚Ä¶",1521287797809848321
44,2022-07-01 23:26:03+00:00,PapaHet81,$GLD #gold holding onto strong $1800 support going into the weekend maintaing it's longterm bull cycle trend. Long and strong,245574145
45,2022-07-01 23:24:52+00:00,jaquarlawyer,"RT @mikesay98: Today's Comex #gold data.
- Gold continued withdrawals today, now totaling ~3.45 million ounces since May 6.
- Open Interest‚Ä¶",1268572954641813504
46,2022-07-01 23:24:43+00:00,Lambros_pxbt,"RT @covesting: Round 9: you can receive 25% trade discounts on all $COV account trades: #crypto, forex, #oil, #gold

üí∞GIVEAWAYüí∞
‚úÖ Follow @c‚Ä¶",1475809864580489222
47,2022-07-01 23:24:24+00:00,Freki_Crypto_OG,"RT @Freki_Crypto_OG: @coryklippsten LoL

You keep finding that comedy #gold 

#bitcoin",1071116798638997504
48,2022-07-01 23:24:21+00:00,Freki_Crypto_OG,"@coryklippsten LoL

You keep finding that comedy #gold 

#bitcoin",1071116798638997504
49,2022-07-01 23:22:27+00:00,EmCripto,"RT @covesting: Round 9: you can receive 25% trade discounts on all $COV account trades: #crypto, forex, #oil, #gold

üí∞GIVEAWAYüí∞
‚úÖ Follow @c‚Ä¶",1451820359053885441
50,2022-07-01 23:21:28+00:00,yormomcallsmev,RT @AktienTrader1: A wonder that #Gold and #Silver can fall in such a money printing craziness. That cant be real Markets. They must be man‚Ä¶,1541153409688018944
51,2022-07-01 23:20:56+00:00,EndgameDogeGF,"RT @CarlBMenger: BREAKING: $12.8 Trillion In #Gold Deposits Discovered In Uganda, doubling the supply of all #Gold mined since the beginnin‚Ä¶",1451325756282490882
52,2022-07-01 23:19:47+00:00,AgAnttoken,"‚û°Ô∏èSilver price per Gram $0.64
‚û°Ô∏è$AgAnt tracks the price of silver per gram.
‚û°Ô∏èAgAnt Contract 0x0c920ac31aF492674fdc‚Ä¶ https://t.co/eAxSSyb7Ov",1512554621276987402
53,2022-07-01 23:19:25+00:00,georgemanzcoins,"RT @TGMbulliongold: Good morning!! It's the first day of the month! Here's today's report on the prices of #preciousmetals as of July 1st,‚Ä¶",94827796
54,2022-07-01 23:18:46+00:00,Mirc54067223,"RT @covesting: Round 9: you can receive 25% trade discounts on all $COV account trades: #crypto, forex, #oil, #gold

üí∞GIVEAWAYüí∞
‚úÖ Follow @c‚Ä¶",1098245801011281920
55,2022-07-01 23:18:40+00:00,KeyEnchanted,"#purple, #gold, and reddish purple triple strand #metal #mesh #necklace! #purpleandgold #shortnecklace #snakechain‚Ä¶ https://t.co/OHqqZFN9vT",1540082396825112581
56,2022-07-01 23:18:27+00:00,renesontiongson,"RT @hajiyev_rashad: #Gold (XAUUSD, $1,807) tested today a 4-year major rising trendline. Looks like gold hit a bottom and I expect a relief‚Ä¶",897101377763024900
57,2022-07-01 23:15:36+00:00,SHENERY2,"RT @MilaPlayporn: South Korea's leading blockchain facing greater competition in NFT market
#cryptocurrency #news #gold #crypto
https://t.c‚Ä¶",52696182
58,2022-07-01 23:15:01+00:00,MilaPlayporn,"South Korea's leading blockchain facing greater competition in NFT market
#cryptocurrency #news #gold #crypto
https://t.co/APeNtqbSC2",916681683134447617
59,2022-07-01 23:14:03+00:00,QueensSchoolPA,"QSPA Ball Saturday 19.11.22 @ChesterRaces 
#BackToBlack but which one for #gold ‚Ä¶
#QueensCommunity",1411106058
60,2022-07-01 23:14:00+00:00,SJaafar_Haidara,"RT @GLResourcesInc: Our strategic acquisition of the Black Lake Mineral Property, combined with our polymetallic and gold projects, creates‚Ä¶",1323781272838328327
61,2022-07-01 23:13:39+00:00,xAshyz,"I'M FINALLY OUT OF SILVER HELL. I AM SO HAPPY!!

#VALORANT #RankUp #Gold https://t.co/AHhlptky91",991402831239315457
62,2022-07-01 23:13:27+00:00,sevinckrizopras,"Excited to share the latest addition to my #etsy shop: Brown Quartz Necklace, Gemstone Necklace, Brown Leather Neck‚Ä¶ https://t.co/JQoYqzUjG6",377444493
63,2022-07-01 23:11:50+00:00,Silver_Gold_U,"RT @mikesay98: Today's Comex #gold data.
- Gold continued withdrawals today, now totaling ~3.45 million ounces since May 6.
- Open Interest‚Ä¶",1180917325219782657
64,2022-07-01 23:10:31+00:00,APattyn1983,"RT @mikesay98: Today's Comex #gold data.
- Gold continued withdrawals today, now totaling ~3.45 million ounces since May 6.
- Open Interest‚Ä¶",1348041825576235008
65,2022-07-01 23:04:45+00:00,Tulkos1,"RT @DTAPCAP: Time to own #Gold.

Right here. https://t.co/3xWzt5SDB8",720425410341658624
66,2022-07-01 23:04:28+00:00,mikesay98,"Today's Comex #gold data.
- Gold continued withdrawals today, now totaling ~3.45 million ounces since May 6.
- Open‚Ä¶ https://t.co/Pah17Uz9vq",125243454
67,2022-07-01 23:02:29+00:00,AchangWhoop,"Can‚Äôt compare Gold to BTC you useless influencers 
Gold = Ferrari
BTC = Old Honda Civic 
#bitcoin #crypto #btc #gold #USDT #xrp",1535873548199161857
68,2022-07-01 23:00:36+00:00,soundmoney00,"RT @mining_charts: In 2008 $Gold bottomed 6 months before the $SPX, that bottom may just have occurred today. Gold rose from $700 to $1900‚Ä¶",1356905721112260610
69,2022-07-01 23:00:30+00:00,BeauSatchelle,Safeguarding Your Precious Metals. https://t.co/hRmK6USVAd #PreciousMetals #Gold #Silver #Platinum #Paladium‚Ä¶ https://t.co/d5oWA9Ftmt,4332927623
70,2022-07-01 22:58:29+00:00,bensabaugcap,"RT @StockShaman: Both Dr. #Copper and the Atlanta #FED concur on the prognosis ...

""We are already in a recession""

Buy #gold #silver phys‚Ä¶",262685595
71,2022-07-01 22:58:19+00:00,therealdrmax,RT @NorthstarCharts: Gold has now reached the target area I suggested a couple of months ago. Now what ? In the short term I'd say lower is‚Ä¶,778131204449169408
72,2022-07-01 22:58:08+00:00,buy1_best,"üëâ $114.99 üëà
Swarovski 5464131 Gold Tone Lucky Goddess Evil Eye Heart Clip Womens Earrings @buy1_best
#Swarovski #54‚Ä¶ https://t.co/q1jIB1KDB0",1118057594281758720
73,2022-07-01 22:55:35+00:00,wojtekcrypto08,#Gold: Barrick Gold Corp (GOLD) closed today at: 18.06 https://t.co/7464SLoc57 #MasterMetals https://t.co/VhDfZrH9CQ,1460966225563979781
74,2022-07-01 22:54:30+00:00,soundmoney00,"RT @badcharts1: Did you know #silver never failed to do a new all-time high after #gold does one?

Currently the 2nd longest drought ever w‚Ä¶",1356905721112260610
75,2022-07-01 22:54:12+00:00,HicksChiroprac1,"RT @RickRuleRulz: The #Gold and #Silver bullion that I own isn‚Äôt for sale at a price like this. 
So given that it isn‚Äôt for sale, and I‚Äôd l‚Ä¶",1519084733438775296
76,2022-07-01 22:52:35+00:00,WestOzAdventure,"Best piece so far for the 2022 season. 11 grams of high purity, natural gold. #gold $gold #bullion #invest‚Ä¶ https://t.co/TBqQKD32wh",1458753900442312704
77,2022-07-01 22:52:33+00:00,GoldStockGuy1,"RT @badcharts1: Those panicking are very likely over leveraged, using poor risk and money management.

They'll get wiped out before the bul‚Ä¶",1202345767953932288
78,2022-07-01 22:52:21+00:00,ProLife4U2,"RT @badcharts1: Did you know #silver never failed to do a new all-time high after #gold does one?

Currently the 2nd longest drought ever w‚Ä¶",2741153407
79,2022-07-01 22:52:15+00:00,bitcoin_realm,Stumbled upon an infographic done by CoinsCapture about the comparison between #bitcoin and #gold. #BTC is clearly‚Ä¶ https://t.co/PS4sIRLmIr,1505898691638358020
80,2022-07-01 22:51:40+00:00,BhangraBot,"RT @SunriseGoldUK: Mohammed Rafi - Pardah Hai Pardah now playing on #sunriseradiogold
#sunriseradio #gold #bollywood #bhangra #classichits‚Ä¶",3064410061
81,2022-07-01 22:50:51+00:00,GoldStockGuy1,"RT @hajiyev_rashad: #Gold (XAUUSD, $1,807) tested today a 4-year major rising trendline. Looks like gold hit a bottom and I expect a relief‚Ä¶",1202345767953932288
82,2022-07-01 22:50:36+00:00,GoldStockGuy1,"RT @graddhybpc: That is one very interesting, larger bullish reversal candle at present for $GOLD, after having undercut May 1786 low. And‚Ä¶",1202345767953932288
83,2022-07-01 22:50:17+00:00,SawyerPharlap,"RT @StockShaman: Both Dr. #Copper and the Atlanta #FED concur on the prognosis ...

""We are already in a recession""

Buy #gold #silver phys‚Ä¶",1195417729886539781
84,2022-07-01 22:49:03+00:00,carpimp1987,One of these is worth $100 plus opened #twitch #GOLD https://t.co/qty7Mja5yq,1004080724230721536
85,2022-07-01 22:48:44+00:00,NeilHahn12,"RT @badcharts1: Did you know #silver never failed to do a new all-time high after #gold does one?

Currently the 2nd longest drought ever w‚Ä¶",1523448269472370688
86,2022-07-01 22:47:22+00:00,jbepp,"RT @badcharts1: Did you know #silver never failed to do a new all-time high after #gold does one?

Currently the 2nd longest drought ever w‚Ä¶",27236029
87,2022-07-01 22:47:01+00:00,badcharts1,"Did you know #silver never failed to do a new all-time high after #gold does one?

Currently the 2nd longest drough‚Ä¶ https://t.co/eMoR2jrcIw",256595810
88,2022-07-01 22:44:25+00:00,Forex_EA4U_,"For more details please contact: taseeer@gmail.com

#jewellery #JewelleryQuarter #diamondjewellery #SilverJewellery‚Ä¶ https://t.co/Mkf8YkV2kT",3315178591
89,2022-07-01 22:44:02+00:00,Judia59698776,"RT @DennisMisigoy: Which US Senate candidate in #FL represents you best on #Inflation?

Dennis Misigoy: #EndTheFed, monetary freedom throug‚Ä¶",968536820517552128
90,2022-07-01 22:40:54+00:00,CoinAgeFin,"This is the official Twitter account of Coinage Finance.
Kindly follows us @CoinAgeFin
.
.
.
.
#CoinageFinance‚Ä¶ https://t.co/nJDsUeHGgj",1542484667277926400
91,2022-07-01 22:40:53+00:00,Mackslann,"#Recession indicators ‚úÖ 
#Fedwatch showing a rate cut in ‚Äò23 ‚úÖ 
Imminent move in #gold‚ùì 

I continue to hold a smal‚Ä¶ https://t.co/0MnbtSygoS",1211032076
92,2022-07-01 22:40:30+00:00,TopFeaturedcom,"Reported: After 125 years Yukon‚Äôs #gold rush gets bigger and bigger... 

#preciousmetals #metal #silver #metals‚Ä¶ https://t.co/P6QbJKdkXT",2693954383
93,2022-07-01 22:39:14+00:00,barntiques859,"RT @sonupsales: 10k Yellow Gold, Faceted Citrine &amp; Diamonds Tennis Bracelet, 7‚Äù Estate Jewelry | eBay #Citrine #diamonds #throwbackthursday‚Ä¶",224653835
94,2022-07-01 22:39:00+00:00,SvnAix,"Ya'll.. I just searched up draco to see some trivia facts..
This is definetly not true.. tallbow is the tallest‚Ä¶ https://t.co/MY5K7UPnhF",1435060643908837383
95,2022-07-01 22:38:46+00:00,PerfectoTrades,$GC $GOLD $GDX $GOLD - Gold Futures - 1D chart - Downtrend since August 2020's high -  speculative 0.618 Fibonacci‚Ä¶ https://t.co/TaCjtMBGv6,1332814395236347906
96,2022-07-01 22:38:42+00:00,glugalug,"RT @BullivanJohn: @EdwardGofsky History will prove again #GOLD as the #1 hedge against:

1-STAGFLATIONARY RECESSION

2- GEOPOLITICAL CONFLI‚Ä¶",1360063519
97,2022-07-01 22:38:10+00:00,PhotoSarsfield,"Water Is Life 
Lake Tahoe,Nevada
Enter a gallery of scenic soul
https://t.co/V98vpXZv8W
#Church #Sierra #Nature‚Ä¶ https://t.co/sGTm2LXxLF",916839201852727296
98,2022-07-01 22:37:54+00:00,Z_Z_dayi,"RT @covesting: Round 9: you can receive 25% trade discounts on all $COV account trades: #crypto, forex, #oil, #gold

üí∞GIVEAWAYüí∞
‚úÖ Follow @c‚Ä¶",1479141564568031232
99,2022-07-01 22:37:52+00:00,Domg3333,RT @goldsilver_pros: Do you think the long-term direction for bond rates is higher or lower? How long can this be that we see raising bond‚Ä¶,4634394017
100,2022-07-01 22:35:57+00:00,trr2807,RT @AutomationVivo: $apty @APTYsys Shareholders and #spera holders will have to market this on social media to get a ‚Äúfree‚Äù liftoff.  It‚Äôs‚Ä¶,852850067782414336
101,2022-07-01 22:33:11+00:00,LP_Florida,"RT @DennisMisigoy: Which US Senate candidate in #FL represents you best on #Inflation?

Dennis Misigoy: #EndTheFed, monetary freedom throug‚Ä¶",304730655
102,2022-07-01 22:33:10+00:00,Silver_Gold_U,"Follow this dude: @mikesay98 

He posts factual/important data on #gold and #silver. Do it! üî•

https://t.co/x6ZJZyRSlL",1180917325219782657
103,2022-07-01 22:31:08+00:00,Bioinorg_chem,RT @bhkenlo: Controllable Synthesis and Luminescence Behavior of Tetrahedral Au@Cu4 and Au@Ag4 Clusters Supported by tris(2-Pyridyl)phosphi‚Ä¶,2892206216
104,2022-07-01 22:30:58+00:00,AndreCatenani,"Due to inflation, the cost of mining #Gold is increasing while the price of #Gold itself hasn't, which caused a hug‚Ä¶ https://t.co/UQQPx7ZTtG",1504077636439531528
105,2022-07-01 22:30:35+00:00,MaximilianLex4,"Bitcoin daily chart alert‚ÄîBears in technical control
#CryptoCurrencies #Bitcoin #Ethereum #NFT #NFTs #NFTCommunity‚Ä¶ https://t.co/MN7cQbL34d",1346218395310710786
106,2022-07-01 22:30:31+00:00,PriceVPartners,"In short, #Orwell feared that what we fear will ruin us. #Huxley feared that what we desire will ruin us.This book‚Ä¶ https://t.co/HJ2CpKG3ut",1392481957532024833
107,2022-07-01 22:29:03+00:00,SuzyQVintage,"RT @renaissancefai: Satin Fluted Japan Necklace Gold &amp; White Bead, Faceted Crystal, Double Strand, Vintage https://t.co/7s2VECvZaF #gold #w‚Ä¶",1486074062078021636
108,2022-07-01 22:29:00+00:00,boylerpf,#Vintage #Czech #Glass Art #Deco #Necklace Root Beer #gold https://t.co/2dqVQPoY6F #ecochic #Jewelry,49309789
109,2022-07-01 22:28:25+00:00,MaximilianLex4,"Fed to err on the side of too many rate hikes: Why is gold at $1,800?
#CryptoCurrencies #Bitcoin #Ethereum #NFT‚Ä¶ https://t.co/COVb7fYtZB",1346218395310710786
110,2022-07-01 22:28:04+00:00,Dazednconfuzed4,RT @sel6012000: #Friday #Weekend #Hot #Innovation @kleinmone @Attairdu57slm @thewaytozion üî•üî•üî• with my brothers and awesome persons @SolShul‚Ä¶,104536688
111,2022-07-01 22:27:46+00:00,fakethissite521,"RT @i_am_jackis: Maybe #Bitcoin has failed a short-term inflation hedge but so has #Gold. And so has EVERYTHING else by the way

And if Gol‚Ä¶",1477403127988899845
112,2022-07-01 22:27:18+00:00,LGpsllc,"RT @CarlBMenger: BREAKING: $12.8 Trillion In #Gold Deposits Discovered In Uganda, doubling the supply of all #Gold mined since the beginnin‚Ä¶",1399726388471496704
113,2022-07-01 22:27:12+00:00,nomadmetalsmith,RT @shinystonelove: Excited to share the latest addition to my #etsy shop: Unique Pearl Ring / 14k Gold Pearl Rings / Designer Jewelry Bran‚Ä¶,1391950621461209090
114,2022-07-01 22:27:09+00:00,JellybeansClos1,"RT @sonupsales: 10k Yellow Gold, Faceted Citrine &amp; Diamonds Tennis Bracelet, 7‚Äù Estate Jewelry | eBay #Citrine #diamonds #throwbackthursday‚Ä¶",824725226114220033
115,2022-07-01 22:27:03+00:00,simplertrading,"Fireworks canceled for /GC? with @iamjackroberts 
https://t.co/SpxAXdfZew
In this video I discuss the S&amp;P trading h‚Ä¶ https://t.co/5RzES2Eyfj",1635786900
116,2022-07-01 22:26:55+00:00,AndreCatenani,Imagine how much #Gold will be worth once #Bitcoin investors and other digital token holders sell their tokens to buy #Gold.,1504077636439531528
117,2022-07-01 22:26:34+00:00,therealdrmax,"RT @badcharts1: Those panicking are very likely over leveraged, using poor risk and money management.

They'll get wiped out before the bul‚Ä¶",778131204449169408
118,2022-07-01 22:25:56+00:00,therealdrmax,"RT @graddhybpc: That is one very interesting, larger bullish reversal candle at present for $GOLD, after having undercut May 1786 low. And‚Ä¶",778131204449169408
119,2022-07-01 22:25:47+00:00,therealdrmax,"RT @GlobalProTrader: We haven't broken any resistance of note on the upside in #Gold, #Silver, $GDX, or $SILJ. So too early to get excited‚Ä¶",778131204449169408
120,2022-07-01 22:25:13+00:00,DouniaBeneddine,"RT @PhotoSarsfield: Lake Tahoe,Nevada
Enter a gallery of scenic soul
https://t.co/V98vpXZv8W
#Church #Sierra #Nature #Travel
#Dogs #Beach #‚Ä¶",3544775597
121,2022-07-01 22:23:41+00:00,crypto_bunker,"RT @mining_charts: In 2008 $Gold bottomed 6 months before the $SPX, that bottom may just have occurred today. Gold rose from $700 to $1900‚Ä¶",1265315554950361090
122,2022-07-01 22:23:25+00:00,SierraLegacy,"RT @mikesay98: COMEX #GOLD WITHDRAWALS CONTINUE FOR 36 OF LAST 38 DAYS, NOW TOTALING ALMOST 3.45 MILLION OUNCES SINCE MAY 6",1144516868
123,2022-07-01 22:20:25+00:00,EM_earth2,Buy Your titles in Uganda Use the code Elonmuskearth2. #gold #ugandagold #earth2 https://t.co/VWu032F4PC,264479606
124,2022-07-01 22:19:49+00:00,goethe_norris,üëç on @YouTube: FAERIE BURN EPISODE 1 #FaerieGold #gold #treasurehunt #scotland https://t.co/1Pkxs0aaYN,810807110758006785
125,2022-07-01 22:19:34+00:00,praesens67,"RT @graddhybpc: That is one very interesting, larger bullish reversal candle at present for $GOLD, after having undercut May 1786 low. And‚Ä¶",267431939
126,2022-07-01 22:19:23+00:00,apro45,"RT @covesting: Round 9: you can receive 25% trade discounts on all $COV account trades: #crypto, forex, #oil, #gold

üí∞GIVEAWAYüí∞
‚úÖ Follow @c‚Ä¶",435192464
127,2022-07-01 22:18:59+00:00,SunriseGoldUK,"Mohammed Rafi - Pardah Hai Pardah now playing on #sunriseradiogold
#sunriseradio #gold #bollywood #bhangra‚Ä¶ https://t.co/Npb7kj12L1",1259236192639475720
128,2022-07-01 22:18:13+00:00,left_going,"RT @mikesay98: APMEX UPDATE
- #Silver and #gold had strong days yesterday and are poised to pass their averages in the next hour.
- Invento‚Ä¶",1074495347479592961
129,2022-07-01 22:18:00+00:00,MiningirMedia,"With five mining projects focused on #gold and #copper that have progressed succesfully, @XploreCorp is one of the‚Ä¶ https://t.co/14eHI4vqRg",810706514491179008
130,2022-07-01 22:17:56+00:00,PhotoSarsfield,"https://t.co/VqD9dlkK2i 
Lake Tahoe,Nevada
Enter a gallery of scenic soul
https://t.co/V98vpXZv8W
#Church #Sierra‚Ä¶ https://t.co/FMVsxkGPSK",916839201852727296
131,2022-07-01 22:17:39+00:00,boylerpf,#Vintage 1940s White #Gold Sapphire Engagement Ring https://t.co/9fUswnHUXT #Ecochic #Jewelry,49309789
132,2022-07-01 22:14:48+00:00,MaximilianLex4,"After #inflation and #recession what other plague follows???
#CryptoCurrencies #Bitcoin #Ethereum #NFT #NFTs‚Ä¶ https://t.co/r6u0mr82XC",1346218395310710786
133,2022-07-01 22:14:45+00:00,Benoit_Ide,RT @VONNLighting: Get a closer look to the details and glow of our New Venezia LED Pendant! Perfect for complementing the look of your spac‚Ä¶,1525893497349357569
134,2022-07-01 22:14:36+00:00,obomalemao,"RT @mining_charts: In 2008 $Gold bottomed 6 months before the $SPX, that bottom may just have occurred today. Gold rose from $700 to $1900‚Ä¶",959900979088019459
135,2022-07-01 22:13:09+00:00,KyCandJ,"KitcoGoldQuotes: https://t.co/OXfmGXVqcO 18:00 EDT

#GOLD: 1813.00 / 1814.00 | +5.50 | +0.30%
#SILVER: 19.91 / 20.0‚Ä¶ https://t.co/D1fwSlhhpk",3903684025
136,2022-07-01 22:12:02+00:00,ausecure,"Live #goldprice for spot #Gold trading $1817 USD, higher by +$5.4 or 0.3% on the day - https://t.co/oBwQ0rwTDC",295330659
137,2022-07-01 22:11:22+00:00,MaximilianLex4,I feel very small learning about the immense power of creation and destruction of capitalism. It is something impre‚Ä¶ https://t.co/sgmK6JAW6Q,1346218395310710786
138,2022-07-01 22:09:01+00:00,MaximilianLex4,"European Union regulating #Cryptocurrencies. Well, actually regulating almost everything, and so it goes...‚Ä¶ https://t.co/SGHJXbBonb",1346218395310710786
139,2022-07-01 22:08:52+00:00,richardcalhoun,RT @KitcoNewsNOW: Gold/Silver: How to trade this bloodbath https://t.co/q4IK7eoblI #kitconews #gold #silver #investing #finance #metals #ec‚Ä¶,7349062
